{
    "duration": 0.001024608,
    "functions": [
        {
            "demangled": "operator<<",
            "energy": 0.0,
            "external": true,
            "file": "",
            "name": "_ZStlsISt11char_traitsIcEERSt13basic_ostreamIcT_ES5_PKc",
            "nodes": []
        },
        {
            "demangled": "operator<<",
            "energy": 0.0,
            "external": true,
            "file": "",
            "name": "_ZNSolsEPFRSoS_E",
            "nodes": []
        },
        {
            "demangled": "add",
            "energy": 0.05995524444580078,
            "external": false,
            "file": "/home/person01/Dokumente/study/tasks/task_3/includes/calculator.cpp",
            "name": "_Z3adddd",
            "nodes": [
                {
                    "energy": 0.05995524444580078,
                    "instructions": [
                        {
                            "energy": 0.030162103271484376,
                            "location": {
                                "column": 11,
                                "file": "/home/person01/Dokumente/study/tasks/task_3/includes/calculator.cpp",
                                "line": 35
                            },
                            "opcode": "fadd"
                        },
                        {
                            "energy": 0.029793141174316407,
                            "location": {
                                "column": 5,
                                "file": "/home/person01/Dokumente/study/tasks/task_3/includes/calculator.cpp",
                                "line": 36
                            },
                            "opcode": "ret"
                        }
                    ],
                    "name": "entry",
                    "type": 1
                }
            ]
        },
        {
            "demangled": "mult",
            "energy": 0.05995524444580078,
            "external": false,
            "file": "/home/person01/Dokumente/study/tasks/task_3/includes/calculator.cpp",
            "name": "_Z4multdd",
            "nodes": [
                {
                    "energy": 0.05995524444580078,
                    "instructions": [
                        {
                            "energy": 0.030162103271484376,
                            "location": {
                                "column": 14,
                                "file": "/home/person01/Dokumente/study/tasks/task_3/includes/calculator.cpp",
                                "line": 40
                            },
                            "opcode": "fmul"
                        },
                        {
                            "energy": 0.029793141174316407,
                            "location": {
                                "column": 5,
                                "file": "/home/person01/Dokumente/study/tasks/task_3/includes/calculator.cpp",
                                "line": 40
                            },
                            "opcode": "ret"
                        }
                    ],
                    "name": "entry",
                    "type": 1
                }
            ]
        },
        {
            "demangled": "divide",
            "energy": 0.05995524444580078,
            "external": false,
            "file": "/home/person01/Dokumente/study/tasks/task_3/includes/calculator.cpp",
            "name": "_Z6dividedd",
            "nodes": [
                {
                    "energy": 0.05995524444580078,
                    "instructions": [
                        {
                            "energy": 0.030162103271484376,
                            "location": {
                                "column": 14,
                                "file": "/home/person01/Dokumente/study/tasks/task_3/includes/calculator.cpp",
                                "line": 44
                            },
                            "opcode": "fdiv"
                        },
                        {
                            "energy": 0.029793141174316407,
                            "location": {
                                "column": 5,
                                "file": "/home/person01/Dokumente/study/tasks/task_3/includes/calculator.cpp",
                                "line": 44
                            },
                            "opcode": "ret"
                        }
                    ],
                    "name": "entry",
                    "type": 1
                }
            ]
        },
        {
            "demangled": "powf32",
            "energy": 0.0,
            "external": true,
            "file": "",
            "name": "powf32",
            "nodes": []
        },
        {
            "demangled": "pow",
            "energy": 0.14969453735351562,
            "external": false,
            "file": "/home/person01/Dokumente/study/tasks/task_3/includes/calculator.cpp",
            "name": "pow",
            "nodes": [
                {
                    "energy": 0.14969453735351562,
                    "instructions": [
                        {
                            "energy": 0.030162103271484376,
                            "location": {
                                "column": 19,
                                "file": "/home/person01/Dokumente/study/tasks/task_3/includes/calculator.cpp",
                                "line": 49
                            },
                            "opcode": "fptrunc"
                        },
                        {
                            "energy": 0.030162103271484376,
                            "location": {
                                "column": 21,
                                "file": "/home/person01/Dokumente/study/tasks/task_3/includes/calculator.cpp",
                                "line": 49
                            },
                            "opcode": "fptrunc"
                        },
                        {
                            "calledFunction": "powf32",
                            "energy": 0.029415086364746094,
                            "location": {
                                "column": 12,
                                "file": "/home/person01/Dokumente/study/tasks/task_3/includes/calculator.cpp",
                                "line": 49
                            },
                            "opcode": "call"
                        },
                        {
                            "energy": 0.030162103271484376,
                            "location": {
                                "column": 12,
                                "file": "/home/person01/Dokumente/study/tasks/task_3/includes/calculator.cpp",
                                "line": 49
                            },
                            "opcode": "fpext"
                        },
                        {
                            "energy": 0.029793141174316407,
                            "location": {
                                "column": 5,
                                "file": "/home/person01/Dokumente/study/tasks/task_3/includes/calculator.cpp",
                                "line": 49
                            },
                            "opcode": "ret"
                        }
                    ],
                    "name": "entry",
                    "type": 1
                }
            ]
        },
        {
            "demangled": "calculate",
            "energy": 0.268489047241211,
            "external": false,
            "file": "/home/person01/Dokumente/study/tasks/task_3/includes/calculator.cpp",
            "name": "_Z9calculateidd",
            "nodes": [
                {
                    "energy": 0.029793141174316407,
                    "instructions": [
                        {
                            "energy": 0.029793141174316407,
                            "location": {
                                "column": 5,
                                "file": "/home/person01/Dokumente/study/tasks/task_3/includes/calculator.cpp",
                                "line": 14
                            },
                            "opcode": "switch"
                        }
                    ],
                    "name": "entry",
                    "type": 1
                },
                {
                    "energy": 0.11916347198486328,
                    "instructions": [
                        {
                            "calledFunction": "_Z3adddd",
                            "energy": 0.08937033081054688,
                            "location": {
                                "column": 22,
                                "file": "/home/person01/Dokumente/study/tasks/task_3/includes/calculator.cpp",
                                "line": 16
                            },
                            "opcode": "call"
                        },
                        {
                            "energy": 0.029793141174316407,
                            "location": {
                                "column": 13,
                                "file": "/home/person01/Dokumente/study/tasks/task_3/includes/calculator.cpp",
                                "line": 17
                            },
                            "opcode": "br"
                        }
                    ],
                    "name": "sw.bb",
                    "type": 1
                },
                {
                    "energy": 0.11916347198486328,
                    "instructions": [
                        {
                            "calledFunction": "_Z4multdd",
                            "energy": 0.08937033081054688,
                            "location": {
                                "column": 22,
                                "file": "/home/person01/Dokumente/study/tasks/task_3/includes/calculator.cpp",
                                "line": 19
                            },
                            "opcode": "call"
                        },
                        {
                            "energy": 0.029793141174316407,
                            "location": {
                                "column": 13,
                                "file": "/home/person01/Dokumente/study/tasks/task_3/includes/calculator.cpp",
                                "line": 20
                            },
                            "opcode": "br"
                        }
                    ],
                    "name": "sw.bb1",
                    "type": 1
                },
                {
                    "energy": 0.11916347198486328,
                    "instructions": [
                        {
                            "calledFunction": "_Z6dividedd",
                            "energy": 0.08937033081054688,
                            "location": {
                                "column": 22,
                                "file": "/home/person01/Dokumente/study/tasks/task_3/includes/calculator.cpp",
                                "line": 22
                            },
                            "opcode": "call"
                        },
                        {
                            "energy": 0.029793141174316407,
                            "location": {
                                "column": 13,
                                "file": "/home/person01/Dokumente/study/tasks/task_3/includes/calculator.cpp",
                                "line": 23
                            },
                            "opcode": "br"
                        }
                    ],
                    "name": "sw.bb3",
                    "type": 1
                },
                {
                    "energy": 0.20890276489257814,
                    "instructions": [
                        {
                            "calledFunction": "pow",
                            "energy": 0.17910962371826172,
                            "location": {
                                "column": 22,
                                "file": "/home/person01/Dokumente/study/tasks/task_3/includes/calculator.cpp",
                                "line": 25
                            },
                            "opcode": "call"
                        },
                        {
                            "energy": 0.029793141174316407,
                            "location": {
                                "column": 13,
                                "file": "/home/person01/Dokumente/study/tasks/task_3/includes/calculator.cpp",
                                "line": 26
                            },
                            "opcode": "br"
                        }
                    ],
                    "name": "sw.bb5",
                    "type": 1
                },
                {
                    "energy": 0.029793141174316407,
                    "instructions": [
                        {
                            "energy": 0.0,
                            "location": {
                                "column": 0,
                                "file": "/home/person01/Dokumente/study/tasks/task_3/includes/calculator.cpp",
                                "line": 0
                            },
                            "opcode": "phi"
                        },
                        {
                            "energy": 0.029793141174316407,
                            "location": {
                                "column": 5,
                                "file": "/home/person01/Dokumente/study/tasks/task_3/includes/calculator.cpp",
                                "line": 29
                            },
                            "opcode": "ret"
                        }
                    ],
                    "name": "sw.epilog",
                    "type": 1
                }
            ]
        },
        {
            "demangled": "operator<<",
            "energy": 0.0,
            "external": true,
            "file": "",
            "name": "_ZNSolsEd",
            "nodes": []
        },
        {
            "demangled": "main",
            "energy": 0.8865839157104494,
            "external": false,
            "file": "/home/person01/Dokumente/study/tasks/task_3/main.cpp",
            "name": "main",
            "nodes": [
                {
                    "energy": 0.8865839157104494,
                    "instructions": [
                        {
                            "calledFunction": "_ZStlsISt11char_traitsIcEERSt13basic_ostreamIcT_ES5_PKc",
                            "energy": 0.029415086364746094,
                            "location": {
                                "column": 15,
                                "file": "/home/person01/Dokumente/study/tasks/task_3/main.cpp",
                                "line": 7
                            },
                            "opcode": "call"
                        },
                        {
                            "calledFunction": "_ZNSolsEPFRSoS_E",
                            "energy": 0.029415086364746094,
                            "location": {
                                "column": 45,
                                "file": "/home/person01/Dokumente/study/tasks/task_3/main.cpp",
                                "line": 7
                            },
                            "opcode": "call"
                        },
                        {
                            "calledFunction": "_ZStlsISt11char_traitsIcEERSt13basic_ostreamIcT_ES5_PKc",
                            "energy": 0.029415086364746094,
                            "location": {
                                "column": 15,
                                "file": "/home/person01/Dokumente/study/tasks/task_3/main.cpp",
                                "line": 8
                            },
                            "opcode": "call"
                        },
                        {
                            "calledFunction": "_ZNSolsEPFRSoS_E",
                            "energy": 0.029415086364746094,
                            "location": {
                                "column": 32,
                                "file": "/home/person01/Dokumente/study/tasks/task_3/main.cpp",
                                "line": 8
                            },
                            "opcode": "call"
                        },
                        {
                            "calledFunction": "_ZStlsISt11char_traitsIcEERSt13basic_ostreamIcT_ES5_PKc",
                            "energy": 0.029415086364746094,
                            "location": {
                                "column": 15,
                                "file": "/home/person01/Dokumente/study/tasks/task_3/main.cpp",
                                "line": 9
                            },
                            "opcode": "call"
                        },
                        {
                            "calledFunction": "_ZNSolsEPFRSoS_E",
                            "energy": 0.029415086364746094,
                            "location": {
                                "column": 27,
                                "file": "/home/person01/Dokumente/study/tasks/task_3/main.cpp",
                                "line": 9
                            },
                            "opcode": "call"
                        },
                        {
                            "calledFunction": "_ZStlsISt11char_traitsIcEERSt13basic_ostreamIcT_ES5_PKc",
                            "energy": 0.029415086364746094,
                            "location": {
                                "column": 15,
                                "file": "/home/person01/Dokumente/study/tasks/task_3/main.cpp",
                                "line": 10
                            },
                            "opcode": "call"
                        },
                        {
                            "calledFunction": "_ZNSolsEPFRSoS_E",
                            "energy": 0.029415086364746094,
                            "location": {
                                "column": 32,
                                "file": "/home/person01/Dokumente/study/tasks/task_3/main.cpp",
                                "line": 10
                            },
                            "opcode": "call"
                        },
                        {
                            "calledFunction": "_ZStlsISt11char_traitsIcEERSt13basic_ostreamIcT_ES5_PKc",
                            "energy": 0.029415086364746094,
                            "location": {
                                "column": 15,
                                "file": "/home/person01/Dokumente/study/tasks/task_3/main.cpp",
                                "line": 11
                            },
                            "opcode": "call"
                        },
                        {
                            "calledFunction": "_ZNSolsEPFRSoS_E",
                            "energy": 0.029415086364746094,
                            "location": {
                                "column": 30,
                                "file": "/home/person01/Dokumente/study/tasks/task_3/main.cpp",
                                "line": 11
                            },
                            "opcode": "call"
                        },
                        {
                            "calledFunction": "_ZStlsISt11char_traitsIcEERSt13basic_ostreamIcT_ES5_PKc",
                            "energy": 0.029415086364746094,
                            "location": {
                                "column": 15,
                                "file": "/home/person01/Dokumente/study/tasks/task_3/main.cpp",
                                "line": 12
                            },
                            "opcode": "call"
                        },
                        {
                            "calledFunction": "_ZNSolsEPFRSoS_E",
                            "energy": 0.029415086364746094,
                            "location": {
                                "column": 45,
                                "file": "/home/person01/Dokumente/study/tasks/task_3/main.cpp",
                                "line": 12
                            },
                            "opcode": "call"
                        },
                        {
                            "calledFunction": "_ZStlsISt11char_traitsIcEERSt13basic_ostreamIcT_ES5_PKc",
                            "energy": 0.029415086364746094,
                            "location": {
                                "column": 15,
                                "file": "/home/person01/Dokumente/study/tasks/task_3/main.cpp",
                                "line": 13
                            },
                            "opcode": "call"
                        },
                        {
                            "calledFunction": "_ZNSolsEPFRSoS_E",
                            "energy": 0.029415086364746094,
                            "location": {
                                "column": 15,
                                "file": "/home/person01/Dokumente/study/tasks/task_3/main.cpp",
                                "line": 14
                            },
                            "opcode": "call"
                        },
                        {
                            "calledFunction": "_ZStlsISt11char_traitsIcEERSt13basic_ostreamIcT_ES5_PKc",
                            "energy": 0.029415086364746094,
                            "location": {
                                "column": 15,
                                "file": "/home/person01/Dokumente/study/tasks/task_3/main.cpp",
                                "line": 19
                            },
                            "opcode": "call"
                        },
                        {
                            "calledFunction": "_ZStlsISt11char_traitsIcEERSt13basic_ostreamIcT_ES5_PKc",
                            "energy": 0.029415086364746094,
                            "location": {
                                "column": 15,
                                "file": "/home/person01/Dokumente/study/tasks/task_3/main.cpp",
                                "line": 20
                            },
                            "opcode": "call"
                        },
                        {
                            "calledFunction": "_Z9calculateidd",
                            "energy": 0.2979041336059571,
                            "location": {
                                "column": 21,
                                "file": "/home/person01/Dokumente/study/tasks/task_3/main.cpp",
                                "line": 22
                            },
                            "opcode": "call"
                        },
                        {
                            "calledFunction": "_ZStlsISt11char_traitsIcEERSt13basic_ostreamIcT_ES5_PKc",
                            "energy": 0.029415086364746094,
                            "location": {
                                "column": 15,
                                "file": "/home/person01/Dokumente/study/tasks/task_3/main.cpp",
                                "line": 23
                            },
                            "opcode": "call"
                        },
                        {
                            "calledFunction": "_ZNSolsEd",
                            "energy": 0.029415086364746094,
                            "location": {
                                "column": 29,
                                "file": "/home/person01/Dokumente/study/tasks/task_3/main.cpp",
                                "line": 23
                            },
                            "opcode": "call"
                        },
                        {
                            "calledFunction": "_ZNSolsEPFRSoS_E",
                            "energy": 0.029415086364746094,
                            "location": {
                                "column": 39,
                                "file": "/home/person01/Dokumente/study/tasks/task_3/main.cpp",
                                "line": 23
                            },
                            "opcode": "call"
                        },
                        {
                            "energy": 0.029793141174316407,
                            "location": {
                                "column": 1,
                                "file": "/home/person01/Dokumente/study/tasks/task_3/main.cpp",
                                "line": 24
                            },
                            "opcode": "ret"
                        }
                    ],
                    "name": "entry",
                    "type": 1
                }
            ]
        }
    ]
}
