{
    "duration": 0.000631851,
    "functions": [
        {
            "demangled": "operator<<",
            "energy": 0.0,
            "external": true,
            "file": "",
            "name": "_ZStlsISt11char_traitsIcEERSt13basic_ostreamIcT_ES5_PKc",
            "nodes": []
        },
        {
            "demangled": "operator<<",
            "energy": 0.0,
            "external": true,
            "file": "",
            "name": "_ZNSolsEPFRSoS_E",
            "nodes": []
        },
        {
            "demangled": "operator<<",
            "energy": 0.0,
            "external": true,
            "file": "",
            "name": "_ZNSolsEd",
            "nodes": []
        },
        {
            "demangled": "pow",
            "energy": 0.059208227539062505,
            "external": false,
            "file": "/home/person05/Dokumente/study/tasks/task_3/includes/calculator.cpp",
            "name": "pow",
            "nodes": [
                {
                    "energy": 0.059208227539062505,
                    "instructions": [
                        {
                            "calledFunction": "pow",
                            "energy": 0.029415086364746094,
                            "location": {
                                "column": 12,
                                "file": "/home/person05/Dokumente/study/tasks/task_3/includes/calculator.cpp",
                                "line": 48
                            },
                            "opcode": "call"
                        },
                        {
                            "energy": 0.029793141174316407,
                            "location": {
                                "column": 5,
                                "file": "/home/person05/Dokumente/study/tasks/task_3/includes/calculator.cpp",
                                "line": 48
                            },
                            "opcode": "ret"
                        }
                    ],
                    "name": "entry",
                    "type": 1
                }
            ]
        },
        {
            "demangled": "calculate",
            "energy": 0.17800273742675782,
            "external": false,
            "file": "/home/person05/Dokumente/study/tasks/task_3/includes/calculator.cpp",
            "name": "_Z9calculateidd",
            "nodes": [
                {
                    "energy": 0.029793141174316407,
                    "instructions": [
                        {
                            "energy": 0.029793141174316407,
                            "location": {
                                "column": 5,
                                "file": "/home/person05/Dokumente/study/tasks/task_3/includes/calculator.cpp",
                                "line": 14
                            },
                            "opcode": "switch"
                        }
                    ],
                    "name": "entry",
                    "type": 1
                },
                {
                    "energy": 0.05995524444580078,
                    "instructions": [
                        {
                            "energy": 0.030162103271484376,
                            "location": {
                                "column": 22,
                                "file": "/home/person05/Dokumente/study/tasks/task_3/includes/calculator.cpp",
                                "line": 16
                            },
                            "opcode": "fadd"
                        },
                        {
                            "energy": 0.029793141174316407,
                            "location": {
                                "column": 13,
                                "file": "/home/person05/Dokumente/study/tasks/task_3/includes/calculator.cpp",
                                "line": 16
                            },
                            "opcode": "br"
                        }
                    ],
                    "name": "sw.bb",
                    "type": 1
                },
                {
                    "energy": 0.05995524444580078,
                    "instructions": [
                        {
                            "energy": 0.030162103271484376,
                            "location": {
                                "column": 22,
                                "file": "/home/person05/Dokumente/study/tasks/task_3/includes/calculator.cpp",
                                "line": 19
                            },
                            "opcode": "fmul"
                        },
                        {
                            "energy": 0.029793141174316407,
                            "location": {
                                "column": 13,
                                "file": "/home/person05/Dokumente/study/tasks/task_3/includes/calculator.cpp",
                                "line": 19
                            },
                            "opcode": "br"
                        }
                    ],
                    "name": "sw.bb1",
                    "type": 1
                },
                {
                    "energy": 0.05995524444580078,
                    "instructions": [
                        {
                            "energy": 0.030162103271484376,
                            "location": {
                                "column": 22,
                                "file": "/home/person05/Dokumente/study/tasks/task_3/includes/calculator.cpp",
                                "line": 22
                            },
                            "opcode": "fdiv"
                        },
                        {
                            "energy": 0.029793141174316407,
                            "location": {
                                "column": 13,
                                "file": "/home/person05/Dokumente/study/tasks/task_3/includes/calculator.cpp",
                                "line": 22
                            },
                            "opcode": "br"
                        }
                    ],
                    "name": "sw.bb2",
                    "type": 1
                },
                {
                    "energy": 0.118416455078125,
                    "instructions": [
                        {
                            "calledFunction": "pow",
                            "energy": 0.08862331390380859,
                            "location": {
                                "column": 20,
                                "file": "/home/person05/Dokumente/study/tasks/task_3/includes/calculator.cpp",
                                "line": 25
                            },
                            "opcode": "call"
                        },
                        {
                            "energy": 0.029793141174316407,
                            "location": {
                                "column": 13,
                                "file": "/home/person05/Dokumente/study/tasks/task_3/includes/calculator.cpp",
                                "line": 25
                            },
                            "opcode": "br"
                        }
                    ],
                    "name": "sw.bb3",
                    "type": 1
                },
                {
                    "energy": 0.029793141174316407,
                    "instructions": [
                        {
                            "energy": 0.029793141174316407,
                            "location": {
                                "column": 13,
                                "file": "/home/person05/Dokumente/study/tasks/task_3/includes/calculator.cpp",
                                "line": 28
                            },
                            "opcode": "br"
                        }
                    ],
                    "name": "sw.default",
                    "type": 1
                },
                {
                    "energy": 0.029793141174316407,
                    "instructions": [
                        {
                            "energy": 0.0,
                            "location": {
                                "column": 0,
                                "file": "/home/person05/Dokumente/study/tasks/task_3/includes/calculator.cpp",
                                "line": 0
                            },
                            "opcode": "phi"
                        },
                        {
                            "energy": 0.029793141174316407,
                            "location": {
                                "column": 1,
                                "file": "/home/person05/Dokumente/study/tasks/task_3/includes/calculator.cpp",
                                "line": 30
                            },
                            "opcode": "ret"
                        }
                    ],
                    "name": "return",
                    "type": 1
                }
            ]
        },
        {
            "demangled": "main",
            "energy": 0.9137579513549806,
            "external": false,
            "file": "/home/person05/Dokumente/study/tasks/task_3/main.cpp",
            "name": "main",
            "nodes": [
                {
                    "energy": 0.9137579513549806,
                    "instructions": [
                        {
                            "calledFunction": "_ZStlsISt11char_traitsIcEERSt13basic_ostreamIcT_ES5_PKc",
                            "energy": 0.029415086364746094,
                            "location": {
                                "column": 15,
                                "file": "/home/person05/Dokumente/study/tasks/task_3/main.cpp",
                                "line": 7
                            },
                            "opcode": "call"
                        },
                        {
                            "calledFunction": "_ZNSolsEPFRSoS_E",
                            "energy": 0.029415086364746094,
                            "location": {
                                "column": 45,
                                "file": "/home/person05/Dokumente/study/tasks/task_3/main.cpp",
                                "line": 7
                            },
                            "opcode": "call"
                        },
                        {
                            "calledFunction": "_ZStlsISt11char_traitsIcEERSt13basic_ostreamIcT_ES5_PKc",
                            "energy": 0.029415086364746094,
                            "location": {
                                "column": 15,
                                "file": "/home/person05/Dokumente/study/tasks/task_3/main.cpp",
                                "line": 8
                            },
                            "opcode": "call"
                        },
                        {
                            "calledFunction": "_ZNSolsEPFRSoS_E",
                            "energy": 0.029415086364746094,
                            "location": {
                                "column": 32,
                                "file": "/home/person05/Dokumente/study/tasks/task_3/main.cpp",
                                "line": 8
                            },
                            "opcode": "call"
                        },
                        {
                            "calledFunction": "_ZStlsISt11char_traitsIcEERSt13basic_ostreamIcT_ES5_PKc",
                            "energy": 0.029415086364746094,
                            "location": {
                                "column": 15,
                                "file": "/home/person05/Dokumente/study/tasks/task_3/main.cpp",
                                "line": 9
                            },
                            "opcode": "call"
                        },
                        {
                            "calledFunction": "_ZNSolsEPFRSoS_E",
                            "energy": 0.029415086364746094,
                            "location": {
                                "column": 27,
                                "file": "/home/person05/Dokumente/study/tasks/task_3/main.cpp",
                                "line": 9
                            },
                            "opcode": "call"
                        },
                        {
                            "calledFunction": "_ZStlsISt11char_traitsIcEERSt13basic_ostreamIcT_ES5_PKc",
                            "energy": 0.029415086364746094,
                            "location": {
                                "column": 15,
                                "file": "/home/person05/Dokumente/study/tasks/task_3/main.cpp",
                                "line": 10
                            },
                            "opcode": "call"
                        },
                        {
                            "calledFunction": "_ZNSolsEPFRSoS_E",
                            "energy": 0.029415086364746094,
                            "location": {
                                "column": 32,
                                "file": "/home/person05/Dokumente/study/tasks/task_3/main.cpp",
                                "line": 10
                            },
                            "opcode": "call"
                        },
                        {
                            "calledFunction": "_ZStlsISt11char_traitsIcEERSt13basic_ostreamIcT_ES5_PKc",
                            "energy": 0.029415086364746094,
                            "location": {
                                "column": 15,
                                "file": "/home/person05/Dokumente/study/tasks/task_3/main.cpp",
                                "line": 11
                            },
                            "opcode": "call"
                        },
                        {
                            "calledFunction": "_ZNSolsEPFRSoS_E",
                            "energy": 0.029415086364746094,
                            "location": {
                                "column": 30,
                                "file": "/home/person05/Dokumente/study/tasks/task_3/main.cpp",
                                "line": 11
                            },
                            "opcode": "call"
                        },
                        {
                            "calledFunction": "_ZStlsISt11char_traitsIcEERSt13basic_ostreamIcT_ES5_PKc",
                            "energy": 0.029415086364746094,
                            "location": {
                                "column": 15,
                                "file": "/home/person05/Dokumente/study/tasks/task_3/main.cpp",
                                "line": 12
                            },
                            "opcode": "call"
                        },
                        {
                            "calledFunction": "_ZNSolsEPFRSoS_E",
                            "energy": 0.029415086364746094,
                            "location": {
                                "column": 45,
                                "file": "/home/person05/Dokumente/study/tasks/task_3/main.cpp",
                                "line": 12
                            },
                            "opcode": "call"
                        },
                        {
                            "calledFunction": "_ZStlsISt11char_traitsIcEERSt13basic_ostreamIcT_ES5_PKc",
                            "energy": 0.029415086364746094,
                            "location": {
                                "column": 15,
                                "file": "/home/person05/Dokumente/study/tasks/task_3/main.cpp",
                                "line": 13
                            },
                            "opcode": "call"
                        },
                        {
                            "calledFunction": "_ZNSolsEPFRSoS_E",
                            "energy": 0.029415086364746094,
                            "location": {
                                "column": 15,
                                "file": "/home/person05/Dokumente/study/tasks/task_3/main.cpp",
                                "line": 14
                            },
                            "opcode": "call"
                        },
                        {
                            "calledFunction": "_ZStlsISt11char_traitsIcEERSt13basic_ostreamIcT_ES5_PKc",
                            "energy": 0.029415086364746094,
                            "location": {
                                "column": 15,
                                "file": "/home/person05/Dokumente/study/tasks/task_3/main.cpp",
                                "line": 19
                            },
                            "opcode": "call"
                        },
                        {
                            "calledFunction": "_ZNSolsEd",
                            "energy": 0.029415086364746094,
                            "location": {
                                "column": 34,
                                "file": "/home/person05/Dokumente/study/tasks/task_3/main.cpp",
                                "line": 19
                            },
                            "opcode": "call"
                        },
                        {
                            "calledFunction": "_ZStlsISt11char_traitsIcEERSt13basic_ostreamIcT_ES5_PKc",
                            "energy": 0.029415086364746094,
                            "location": {
                                "column": 46,
                                "file": "/home/person05/Dokumente/study/tasks/task_3/main.cpp",
                                "line": 19
                            },
                            "opcode": "call"
                        },
                        {
                            "calledFunction": "_ZStlsISt11char_traitsIcEERSt13basic_ostreamIcT_ES5_PKc",
                            "energy": 0.029415086364746094,
                            "location": {
                                "column": 15,
                                "file": "/home/person05/Dokumente/study/tasks/task_3/main.cpp",
                                "line": 20
                            },
                            "opcode": "call"
                        },
                        {
                            "calledFunction": "_ZNSolsEd",
                            "energy": 0.029415086364746094,
                            "location": {
                                "column": 34,
                                "file": "/home/person05/Dokumente/study/tasks/task_3/main.cpp",
                                "line": 20
                            },
                            "opcode": "call"
                        },
                        {
                            "calledFunction": "_ZStlsISt11char_traitsIcEERSt13basic_ostreamIcT_ES5_PKc",
                            "energy": 0.029415086364746094,
                            "location": {
                                "column": 47,
                                "file": "/home/person05/Dokumente/study/tasks/task_3/main.cpp",
                                "line": 20
                            },
                            "opcode": "call"
                        },
                        {
                            "calledFunction": "_Z9calculateidd",
                            "energy": 0.20741782379150392,
                            "location": {
                                "column": 21,
                                "file": "/home/person05/Dokumente/study/tasks/task_3/main.cpp",
                                "line": 22
                            },
                            "opcode": "call"
                        },
                        {
                            "calledFunction": "_ZStlsISt11char_traitsIcEERSt13basic_ostreamIcT_ES5_PKc",
                            "energy": 0.029415086364746094,
                            "location": {
                                "column": 15,
                                "file": "/home/person05/Dokumente/study/tasks/task_3/main.cpp",
                                "line": 23
                            },
                            "opcode": "call"
                        },
                        {
                            "calledFunction": "_ZNSolsEd",
                            "energy": 0.029415086364746094,
                            "location": {
                                "column": 29,
                                "file": "/home/person05/Dokumente/study/tasks/task_3/main.cpp",
                                "line": 23
                            },
                            "opcode": "call"
                        },
                        {
                            "calledFunction": "_ZNSolsEPFRSoS_E",
                            "energy": 0.029415086364746094,
                            "location": {
                                "column": 39,
                                "file": "/home/person05/Dokumente/study/tasks/task_3/main.cpp",
                                "line": 23
                            },
                            "opcode": "call"
                        },
                        {
                            "energy": 0.029793141174316407,
                            "location": {
                                "column": 1,
                                "file": "/home/person05/Dokumente/study/tasks/task_3/main.cpp",
                                "line": 24
                            },
                            "opcode": "ret"
                        }
                    ],
                    "name": "entry",
                    "type": 1
                }
            ]
        }
    ]
}
