{
    "duration": 0.0013774439999999998,
    "functions": [
        {
            "demangled": "operator<<",
            "energy": 0.0,
            "external": true,
            "file": "",
            "name": "_ZStlsISt11char_traitsIcEERSt13basic_ostreamIcT_ES5_PKc",
            "nodes": []
        },
        {
            "demangled": "operator<<",
            "energy": 0.0,
            "external": true,
            "file": "",
            "name": "_ZNSolsEPFRSoS_E",
            "nodes": []
        },
        {
            "demangled": "basic_string",
            "energy": 0.0,
            "external": true,
            "file": "",
            "name": "_ZNSt7__cxx1112basic_stringIcSt11char_traitsIcESaIcEEC1Ev",
            "nodes": []
        },
        {
            "demangled": "celsiusToFahrenheit",
            "energy": 0.12027945098876953,
            "external": false,
            "file": "/home/person09/Dokumente/study/tasks/task_2/includes/converter.cpp",
            "name": "_Z19celsiusToFahrenheitd",
            "nodes": [
                {
                    "energy": 0.12027945098876953,
                    "instructions": [
                        {
                            "energy": 0.030162103271484376,
                            "location": {
                                "column": 37,
                                "file": "/home/person09/Dokumente/study/tasks/task_2/includes/converter.cpp",
                                "line": 47
                            },
                            "opcode": "fmul"
                        },
                        {
                            "energy": 0.030162103271484376,
                            "location": {
                                "column": 40,
                                "file": "/home/person09/Dokumente/study/tasks/task_2/includes/converter.cpp",
                                "line": 47
                            },
                            "opcode": "fdiv"
                        },
                        {
                            "energy": 0.030162103271484376,
                            "location": {
                                "column": 44,
                                "file": "/home/person09/Dokumente/study/tasks/task_2/includes/converter.cpp",
                                "line": 47
                            },
                            "opcode": "fadd"
                        },
                        {
                            "energy": 0.029793141174316407,
                            "location": {
                                "column": 5,
                                "file": "/home/person09/Dokumente/study/tasks/task_2/includes/converter.cpp",
                                "line": 48
                            },
                            "opcode": "ret"
                        }
                    ],
                    "name": "entry",
                    "type": 1
                }
            ]
        },
        {
            "demangled": "operator=",
            "energy": 0.0,
            "external": true,
            "file": "",
            "name": "_ZNSt7__cxx1112basic_stringIcSt11char_traitsIcESaIcEEaSEPKc",
            "nodes": []
        },
        {
            "demangled": "~basic_string",
            "energy": 0.0,
            "external": true,
            "file": "",
            "name": "_ZNSt7__cxx1112basic_stringIcSt11char_traitsIcESaIcEED1Ev",
            "nodes": []
        },
        {
            "demangled": "fahrenheitToCelsius",
            "energy": 0.12027945098876953,
            "external": false,
            "file": "/home/person09/Dokumente/study/tasks/task_2/includes/converter.cpp",
            "name": "_Z19fahrenheitToCelsiusd",
            "nodes": [
                {
                    "energy": 0.12027945098876953,
                    "instructions": [
                        {
                            "energy": 0.030162103271484376,
                            "location": {
                                "column": 19,
                                "file": "/home/person09/Dokumente/study/tasks/task_2/includes/converter.cpp",
                                "line": 52
                            },
                            "opcode": "fsub"
                        },
                        {
                            "energy": 0.030162103271484376,
                            "location": {
                                "column": 25,
                                "file": "/home/person09/Dokumente/study/tasks/task_2/includes/converter.cpp",
                                "line": 52
                            },
                            "opcode": "fmul"
                        },
                        {
                            "energy": 0.030162103271484376,
                            "location": {
                                "column": 28,
                                "file": "/home/person09/Dokumente/study/tasks/task_2/includes/converter.cpp",
                                "line": 52
                            },
                            "opcode": "fdiv"
                        },
                        {
                            "energy": 0.029793141174316407,
                            "location": {
                                "column": 5,
                                "file": "/home/person09/Dokumente/study/tasks/task_2/includes/converter.cpp",
                                "line": 52
                            },
                            "opcode": "ret"
                        }
                    ],
                    "name": "entry",
                    "type": 1
                }
            ]
        },
        {
            "demangled": "celsiusToKelvin",
            "energy": 0.05995524444580078,
            "external": false,
            "file": "/home/person09/Dokumente/study/tasks/task_2/includes/converter.cpp",
            "name": "_Z15celsiusToKelvind",
            "nodes": [
                {
                    "energy": 0.05995524444580078,
                    "instructions": [
                        {
                            "energy": 0.030162103271484376,
                            "location": {
                                "column": 18,
                                "file": "/home/person09/Dokumente/study/tasks/task_2/includes/converter.cpp",
                                "line": 56
                            },
                            "opcode": "fadd"
                        },
                        {
                            "energy": 0.029793141174316407,
                            "location": {
                                "column": 5,
                                "file": "/home/person09/Dokumente/study/tasks/task_2/includes/converter.cpp",
                                "line": 56
                            },
                            "opcode": "ret"
                        }
                    ],
                    "name": "entry",
                    "type": 1
                }
            ]
        },
        {
            "demangled": "fahrenheitToKelvin",
            "energy": 0.1504415542602539,
            "external": false,
            "file": "/home/person09/Dokumente/study/tasks/task_2/includes/converter.cpp",
            "name": "_Z18fahrenheitToKelvind",
            "nodes": [
                {
                    "energy": 0.1504415542602539,
                    "instructions": [
                        {
                            "energy": 0.030162103271484376,
                            "location": {
                                "column": 37,
                                "file": "/home/person09/Dokumente/study/tasks/task_2/includes/converter.cpp",
                                "line": 60
                            },
                            "opcode": "fsub"
                        },
                        {
                            "energy": 0.030162103271484376,
                            "location": {
                                "column": 45,
                                "file": "/home/person09/Dokumente/study/tasks/task_2/includes/converter.cpp",
                                "line": 60
                            },
                            "opcode": "fmul"
                        },
                        {
                            "energy": 0.030162103271484376,
                            "location": {
                                "column": 48,
                                "file": "/home/person09/Dokumente/study/tasks/task_2/includes/converter.cpp",
                                "line": 60
                            },
                            "opcode": "fdiv"
                        },
                        {
                            "energy": 0.030162103271484376,
                            "location": {
                                "column": 35,
                                "file": "/home/person09/Dokumente/study/tasks/task_2/includes/converter.cpp",
                                "line": 61
                            },
                            "opcode": "fadd"
                        },
                        {
                            "energy": 0.029793141174316407,
                            "location": {
                                "column": 5,
                                "file": "/home/person09/Dokumente/study/tasks/task_2/includes/converter.cpp",
                                "line": 62
                            },
                            "opcode": "ret"
                        }
                    ],
                    "name": "entry",
                    "type": 1
                }
            ]
        },
        {
            "demangled": "operator<<",
            "energy": 0.0,
            "external": true,
            "file": "",
            "name": "_ZNSolsEd",
            "nodes": []
        },
        {
            "demangled": "operator<<",
            "energy": 0.0,
            "external": true,
            "file": "",
            "name": "_ZStlsIcSt11char_traitsIcESaIcEERSt13basic_ostreamIT_T0_ES7_RKNSt7__cxx1112basic_stringIS4_S5_T1_EE",
            "nodes": []
        },
        {
            "demangled": "handler",
            "energy": 0.5047753860473633,
            "external": false,
            "file": "/home/person09/Dokumente/study/tasks/task_2/includes/converter.cpp",
            "name": "_Z7handlerid",
            "nodes": [
                {
                    "energy": 0.0888419448852539,
                    "instructions": [
                        {
                            "energy": 0.029633717346191406,
                            "location": {
                                "column": 4294967295,
                                "file": "undefined",
                                "line": 4294967295
                            },
                            "opcode": "alloca"
                        },
                        {
                            "calledFunction": "_ZNSt7__cxx1112basic_stringIcSt11char_traitsIcESaIcEEC1Ev",
                            "energy": 0.029415086364746094,
                            "location": {
                                "column": 17,
                                "file": "/home/person09/Dokumente/study/tasks/task_2/includes/converter.cpp",
                                "line": 14
                            },
                            "opcode": "call"
                        },
                        {
                            "energy": 0.029793141174316407,
                            "location": {
                                "column": 5,
                                "file": "/home/person09/Dokumente/study/tasks/task_2/includes/converter.cpp",
                                "line": 26
                            },
                            "opcode": "switch"
                        }
                    ],
                    "name": "entry",
                    "type": 1
                },
                {
                    "energy": 0.14969453735351562,
                    "instructions": [
                        {
                            "calledFunction": "_Z19celsiusToFahrenheitd",
                            "energy": 0.14969453735351562,
                            "location": {
                                "column": 25,
                                "file": "/home/person09/Dokumente/study/tasks/task_2/includes/converter.cpp",
                                "line": 27
                            },
                            "opcode": "invoke"
                        }
                    ],
                    "name": "sw.bb",
                    "type": 1
                },
                {
                    "energy": 0.029415086364746094,
                    "instructions": [
                        {
                            "calledFunction": "_ZNSt7__cxx1112basic_stringIcSt11char_traitsIcESaIcEEaSEPKc",
                            "energy": 0.029415086364746094,
                            "location": {
                                "column": 59,
                                "file": "/home/person09/Dokumente/study/tasks/task_2/includes/converter.cpp",
                                "line": 27
                            },
                            "opcode": "invoke"
                        }
                    ],
                    "name": "invoke.cont",
                    "type": 1
                },
                {
                    "energy": 0.029793141174316407,
                    "instructions": [
                        {
                            "energy": 0.029793141174316407,
                            "location": {
                                "column": 68,
                                "file": "/home/person09/Dokumente/study/tasks/task_2/includes/converter.cpp",
                                "line": 27
                            },
                            "opcode": "br"
                        }
                    ],
                    "name": "invoke.cont1",
                    "type": 1
                },
                {
                    "energy": 0.0,
                    "instructions": [
                        {
                            "energy": 0.0,
                            "location": {
                                "column": 1,
                                "file": "/home/person09/Dokumente/study/tasks/task_2/includes/converter.cpp",
                                "line": 44
                            },
                            "opcode": "landingpad"
                        },
                        {
                            "energy": 0.0,
                            "location": {
                                "column": 1,
                                "file": "/home/person09/Dokumente/study/tasks/task_2/includes/converter.cpp",
                                "line": 44
                            },
                            "opcode": "extractvalue"
                        },
                        {
                            "energy": 0.0,
                            "location": {
                                "column": 1,
                                "file": "/home/person09/Dokumente/study/tasks/task_2/includes/converter.cpp",
                                "line": 44
                            },
                            "opcode": "extractvalue"
                        },
                        {
                            "calledFunction": "_ZNSt7__cxx1112basic_stringIcSt11char_traitsIcESaIcEED1Ev",
                            "energy": 0.0,
                            "location": {
                                "column": 1,
                                "file": "/home/person09/Dokumente/study/tasks/task_2/includes/converter.cpp",
                                "line": 44
                            },
                            "opcode": "call"
                        },
                        {
                            "energy": 0.0,
                            "location": {
                                "column": 1,
                                "file": "/home/person09/Dokumente/study/tasks/task_2/includes/converter.cpp",
                                "line": 44
                            },
                            "opcode": "br"
                        }
                    ],
                    "name": "lpad",
                    "type": 1
                },
                {
                    "energy": 0.14969453735351562,
                    "instructions": [
                        {
                            "calledFunction": "_Z19fahrenheitToCelsiusd",
                            "energy": 0.14969453735351562,
                            "location": {
                                "column": 25,
                                "file": "/home/person09/Dokumente/study/tasks/task_2/includes/converter.cpp",
                                "line": 28
                            },
                            "opcode": "invoke"
                        }
                    ],
                    "name": "sw.bb3",
                    "type": 1
                },
                {
                    "energy": 0.029415086364746094,
                    "instructions": [
                        {
                            "calledFunction": "_ZNSt7__cxx1112basic_stringIcSt11char_traitsIcESaIcEEaSEPKc",
                            "energy": 0.029415086364746094,
                            "location": {
                                "column": 59,
                                "file": "/home/person09/Dokumente/study/tasks/task_2/includes/converter.cpp",
                                "line": 28
                            },
                            "opcode": "invoke"
                        }
                    ],
                    "name": "invoke.cont4",
                    "type": 1
                },
                {
                    "energy": 0.029793141174316407,
                    "instructions": [
                        {
                            "energy": 0.029793141174316407,
                            "location": {
                                "column": 68,
                                "file": "/home/person09/Dokumente/study/tasks/task_2/includes/converter.cpp",
                                "line": 28
                            },
                            "opcode": "br"
                        }
                    ],
                    "name": "invoke.cont6",
                    "type": 1
                },
                {
                    "energy": 0.08937033081054688,
                    "instructions": [
                        {
                            "calledFunction": "_Z15celsiusToKelvind",
                            "energy": 0.08937033081054688,
                            "location": {
                                "column": 25,
                                "file": "/home/person09/Dokumente/study/tasks/task_2/includes/converter.cpp",
                                "line": 29
                            },
                            "opcode": "invoke"
                        }
                    ],
                    "name": "sw.bb8",
                    "type": 1
                },
                {
                    "energy": 0.029415086364746094,
                    "instructions": [
                        {
                            "calledFunction": "_ZNSt7__cxx1112basic_stringIcSt11char_traitsIcESaIcEEaSEPKc",
                            "energy": 0.029415086364746094,
                            "location": {
                                "column": 55,
                                "file": "/home/person09/Dokumente/study/tasks/task_2/includes/converter.cpp",
                                "line": 29
                            },
                            "opcode": "invoke"
                        }
                    ],
                    "name": "invoke.cont9",
                    "type": 1
                },
                {
                    "energy": 0.029793141174316407,
                    "instructions": [
                        {
                            "energy": 0.029793141174316407,
                            "location": {
                                "column": 62,
                                "file": "/home/person09/Dokumente/study/tasks/task_2/includes/converter.cpp",
                                "line": 29
                            },
                            "opcode": "br"
                        }
                    ],
                    "name": "invoke.cont11",
                    "type": 1
                },
                {
                    "energy": 0.179856640625,
                    "instructions": [
                        {
                            "calledFunction": "_Z18fahrenheitToKelvind",
                            "energy": 0.179856640625,
                            "location": {
                                "column": 26,
                                "file": "/home/person09/Dokumente/study/tasks/task_2/includes/converter.cpp",
                                "line": 30
                            },
                            "opcode": "invoke"
                        }
                    ],
                    "name": "sw.default",
                    "type": 1
                },
                {
                    "energy": 0.029415086364746094,
                    "instructions": [
                        {
                            "calledFunction": "_ZNSt7__cxx1112basic_stringIcSt11char_traitsIcESaIcEEaSEPKc",
                            "energy": 0.029415086364746094,
                            "location": {
                                "column": 59,
                                "file": "/home/person09/Dokumente/study/tasks/task_2/includes/converter.cpp",
                                "line": 30
                            },
                            "opcode": "invoke"
                        }
                    ],
                    "name": "invoke.cont13",
                    "type": 1
                },
                {
                    "energy": 0.029793141174316407,
                    "instructions": [
                        {
                            "energy": 0.029793141174316407,
                            "location": {
                                "column": 5,
                                "file": "/home/person09/Dokumente/study/tasks/task_2/includes/converter.cpp",
                                "line": 31
                            },
                            "opcode": "br"
                        }
                    ],
                    "name": "invoke.cont15",
                    "type": 1
                },
                {
                    "energy": 0.029415086364746094,
                    "instructions": [
                        {
                            "energy": 0.0,
                            "location": {
                                "column": 0,
                                "file": "/home/person09/Dokumente/study/tasks/task_2/includes/converter.cpp",
                                "line": 0
                            },
                            "opcode": "phi"
                        },
                        {
                            "calledFunction": "_ZNSolsEd",
                            "energy": 0.029415086364746094,
                            "location": {
                                "column": 15,
                                "file": "/home/person09/Dokumente/study/tasks/task_2/includes/converter.cpp",
                                "line": 43
                            },
                            "opcode": "invoke"
                        }
                    ],
                    "name": "sw.epilog",
                    "type": 1
                },
                {
                    "energy": 0.029415086364746094,
                    "instructions": [
                        {
                            "calledFunction": "_ZStlsISt11char_traitsIcEERSt13basic_ostreamIcT_ES5_PKc",
                            "energy": 0.029415086364746094,
                            "location": {
                                "column": 23,
                                "file": "/home/person09/Dokumente/study/tasks/task_2/includes/converter.cpp",
                                "line": 43
                            },
                            "opcode": "invoke"
                        }
                    ],
                    "name": "invoke.cont17",
                    "type": 1
                },
                {
                    "energy": 0.029415086364746094,
                    "instructions": [
                        {
                            "calledFunction": "_ZStlsIcSt11char_traitsIcESaIcEERSt13basic_ostreamIT_T0_ES7_RKNSt7__cxx1112basic_stringIS4_S5_T1_EE",
                            "energy": 0.029415086364746094,
                            "location": {
                                "column": 30,
                                "file": "/home/person09/Dokumente/study/tasks/task_2/includes/converter.cpp",
                                "line": 43
                            },
                            "opcode": "invoke"
                        }
                    ],
                    "name": "invoke.cont19",
                    "type": 1
                },
                {
                    "energy": 0.029415086364746094,
                    "instructions": [
                        {
                            "calledFunction": "_ZNSolsEPFRSoS_E",
                            "energy": 0.029415086364746094,
                            "location": {
                                "column": 40,
                                "file": "/home/person09/Dokumente/study/tasks/task_2/includes/converter.cpp",
                                "line": 43
                            },
                            "opcode": "invoke"
                        }
                    ],
                    "name": "invoke.cont21",
                    "type": 1
                },
                {
                    "energy": 0.059208227539062505,
                    "instructions": [
                        {
                            "calledFunction": "_ZNSt7__cxx1112basic_stringIcSt11char_traitsIcESaIcEED1Ev",
                            "energy": 0.029415086364746094,
                            "location": {
                                "column": 1,
                                "file": "/home/person09/Dokumente/study/tasks/task_2/includes/converter.cpp",
                                "line": 44
                            },
                            "opcode": "call"
                        },
                        {
                            "energy": 0.029793141174316407,
                            "location": {
                                "column": 1,
                                "file": "/home/person09/Dokumente/study/tasks/task_2/includes/converter.cpp",
                                "line": 44
                            },
                            "opcode": "ret"
                        }
                    ],
                    "name": "invoke.cont23",
                    "type": 1
                },
                {
                    "energy": 0.0,
                    "instructions": [
                        {
                            "energy": 0.0,
                            "location": {
                                "column": 1,
                                "file": "/home/person09/Dokumente/study/tasks/task_2/includes/converter.cpp",
                                "line": 44
                            },
                            "opcode": "insertvalue"
                        },
                        {
                            "energy": 0.0,
                            "location": {
                                "column": 1,
                                "file": "/home/person09/Dokumente/study/tasks/task_2/includes/converter.cpp",
                                "line": 44
                            },
                            "opcode": "insertvalue"
                        },
                        {
                            "energy": 0.0,
                            "location": {
                                "column": 1,
                                "file": "/home/person09/Dokumente/study/tasks/task_2/includes/converter.cpp",
                                "line": 44
                            },
                            "opcode": "resume"
                        }
                    ],
                    "name": "eh.resume",
                    "type": 1
                }
            ]
        },
        {
            "demangled": "main",
            "energy": 0.946379736328125,
            "external": false,
            "file": "/home/person09/Dokumente/study/tasks/task_2/main.cpp",
            "name": "main",
            "nodes": [
                {
                    "energy": 0.946379736328125,
                    "instructions": [
                        {
                            "calledFunction": "_ZStlsISt11char_traitsIcEERSt13basic_ostreamIcT_ES5_PKc",
                            "energy": 0.029415086364746094,
                            "location": {
                                "column": 15,
                                "file": "/home/person09/Dokumente/study/tasks/task_2/main.cpp",
                                "line": 5
                            },
                            "opcode": "call"
                        },
                        {
                            "calledFunction": "_ZNSolsEPFRSoS_E",
                            "energy": 0.029415086364746094,
                            "location": {
                                "column": 57,
                                "file": "/home/person09/Dokumente/study/tasks/task_2/main.cpp",
                                "line": 5
                            },
                            "opcode": "call"
                        },
                        {
                            "calledFunction": "_ZStlsISt11char_traitsIcEERSt13basic_ostreamIcT_ES5_PKc",
                            "energy": 0.029415086364746094,
                            "location": {
                                "column": 15,
                                "file": "/home/person09/Dokumente/study/tasks/task_2/main.cpp",
                                "line": 6
                            },
                            "opcode": "call"
                        },
                        {
                            "calledFunction": "_ZNSolsEPFRSoS_E",
                            "energy": 0.029415086364746094,
                            "location": {
                                "column": 33,
                                "file": "/home/person09/Dokumente/study/tasks/task_2/main.cpp",
                                "line": 6
                            },
                            "opcode": "call"
                        },
                        {
                            "calledFunction": "_ZStlsISt11char_traitsIcEERSt13basic_ostreamIcT_ES5_PKc",
                            "energy": 0.029415086364746094,
                            "location": {
                                "column": 15,
                                "file": "/home/person09/Dokumente/study/tasks/task_2/main.cpp",
                                "line": 7
                            },
                            "opcode": "call"
                        },
                        {
                            "calledFunction": "_ZNSolsEPFRSoS_E",
                            "energy": 0.029415086364746094,
                            "location": {
                                "column": 48,
                                "file": "/home/person09/Dokumente/study/tasks/task_2/main.cpp",
                                "line": 7
                            },
                            "opcode": "call"
                        },
                        {
                            "calledFunction": "_ZStlsISt11char_traitsIcEERSt13basic_ostreamIcT_ES5_PKc",
                            "energy": 0.029415086364746094,
                            "location": {
                                "column": 15,
                                "file": "/home/person09/Dokumente/study/tasks/task_2/main.cpp",
                                "line": 8
                            },
                            "opcode": "call"
                        },
                        {
                            "calledFunction": "_ZNSolsEPFRSoS_E",
                            "energy": 0.029415086364746094,
                            "location": {
                                "column": 48,
                                "file": "/home/person09/Dokumente/study/tasks/task_2/main.cpp",
                                "line": 8
                            },
                            "opcode": "call"
                        },
                        {
                            "calledFunction": "_ZStlsISt11char_traitsIcEERSt13basic_ostreamIcT_ES5_PKc",
                            "energy": 0.029415086364746094,
                            "location": {
                                "column": 15,
                                "file": "/home/person09/Dokumente/study/tasks/task_2/main.cpp",
                                "line": 9
                            },
                            "opcode": "call"
                        },
                        {
                            "calledFunction": "_ZNSolsEPFRSoS_E",
                            "energy": 0.029415086364746094,
                            "location": {
                                "column": 44,
                                "file": "/home/person09/Dokumente/study/tasks/task_2/main.cpp",
                                "line": 9
                            },
                            "opcode": "call"
                        },
                        {
                            "calledFunction": "_ZStlsISt11char_traitsIcEERSt13basic_ostreamIcT_ES5_PKc",
                            "energy": 0.029415086364746094,
                            "location": {
                                "column": 15,
                                "file": "/home/person09/Dokumente/study/tasks/task_2/main.cpp",
                                "line": 10
                            },
                            "opcode": "call"
                        },
                        {
                            "calledFunction": "_ZNSolsEPFRSoS_E",
                            "energy": 0.029415086364746094,
                            "location": {
                                "column": 48,
                                "file": "/home/person09/Dokumente/study/tasks/task_2/main.cpp",
                                "line": 10
                            },
                            "opcode": "call"
                        },
                        {
                            "calledFunction": "_ZStlsISt11char_traitsIcEERSt13basic_ostreamIcT_ES5_PKc",
                            "energy": 0.029415086364746094,
                            "location": {
                                "column": 15,
                                "file": "/home/person09/Dokumente/study/tasks/task_2/main.cpp",
                                "line": 14
                            },
                            "opcode": "call"
                        },
                        {
                            "calledFunction": "_Z7handlerid",
                            "energy": 0.5341904724121094,
                            "location": {
                                "column": 5,
                                "file": "/home/person09/Dokumente/study/tasks/task_2/main.cpp",
                                "line": 16
                            },
                            "opcode": "call"
                        },
                        {
                            "energy": 0.029793141174316407,
                            "location": {
                                "column": 5,
                                "file": "/home/person09/Dokumente/study/tasks/task_2/main.cpp",
                                "line": 18
                            },
                            "opcode": "ret"
                        }
                    ],
                    "name": "entry",
                    "type": 1
                }
            ]
        }
    ]
}
