{
    "duration": 0.000884098,
    "functions": [
        {
            "demangled": "operator<<",
            "energy": 0.0,
            "external": true,
            "file": "",
            "name": "_ZStlsISt11char_traitsIcEERSt13basic_ostreamIcT_ES5_PKc",
            "nodes": []
        },
        {
            "demangled": "operator<<",
            "energy": 0.0,
            "external": true,
            "file": "",
            "name": "_ZNSolsEPFRSoS_E",
            "nodes": []
        },
        {
            "demangled": "basic_string",
            "energy": 0.0,
            "external": true,
            "file": "",
            "name": "_ZNSt7__cxx1112basic_stringIcSt11char_traitsIcESaIcEEC1Ev",
            "nodes": []
        },
        {
            "demangled": "operator<<",
            "energy": 0.0,
            "external": true,
            "file": "",
            "name": "_ZNSolsEd",
            "nodes": []
        },
        {
            "demangled": "~basic_string",
            "energy": 0.0,
            "external": true,
            "file": "",
            "name": "_ZNSt7__cxx1112basic_stringIcSt11char_traitsIcESaIcEED1Ev",
            "nodes": []
        },
        {
            "demangled": "handler",
            "energy": 0.7155593322753907,
            "external": false,
            "file": "/home/person05/Dokumente/study/tasks/task_2/includes/converter.cpp",
            "name": "_Z7handlerid",
            "nodes": [
                {
                    "energy": 0.11900404815673828,
                    "instructions": [
                        {
                            "energy": 0.029633717346191406,
                            "location": {
                                "column": 4294967295,
                                "file": "undefined",
                                "line": 4294967295
                            },
                            "opcode": "alloca"
                        },
                        {
                            "calledFunction": "_ZNSt7__cxx1112basic_stringIcSt11char_traitsIcESaIcEEC1Ev",
                            "energy": 0.029415086364746094,
                            "location": {
                                "column": 17,
                                "file": "/home/person05/Dokumente/study/tasks/task_2/includes/converter.cpp",
                                "line": 14
                            },
                            "opcode": "call"
                        },
                        {
                            "energy": 0.030162103271484376,
                            "location": {
                                "column": 13,
                                "file": "/home/person05/Dokumente/study/tasks/task_2/includes/converter.cpp",
                                "line": 16
                            },
                            "opcode": "icmp"
                        },
                        {
                            "energy": 0.029793141174316407,
                            "location": {
                                "column": 8,
                                "file": "/home/person05/Dokumente/study/tasks/task_2/includes/converter.cpp",
                                "line": 16
                            },
                            "opcode": "br"
                        }
                    ],
                    "name": "entry",
                    "type": 1
                },
                {
                    "energy": 0.11990139617919923,
                    "instructions": [
                        {
                            "energy": 0.030162103271484376,
                            "location": {
                                "column": 23,
                                "file": "/home/person05/Dokumente/study/tasks/task_2/includes/converter.cpp",
                                "line": 17
                            },
                            "opcode": "fmul"
                        },
                        {
                            "energy": 0.030162103271484376,
                            "location": {
                                "column": 26,
                                "file": "/home/person05/Dokumente/study/tasks/task_2/includes/converter.cpp",
                                "line": 17
                            },
                            "opcode": "fdiv"
                        },
                        {
                            "energy": 0.030162103271484376,
                            "location": {
                                "column": 30,
                                "file": "/home/person05/Dokumente/study/tasks/task_2/includes/converter.cpp",
                                "line": 17
                            },
                            "opcode": "fadd"
                        },
                        {
                            "calledFunction": "_ZNSolsEd",
                            "energy": 0.029415086364746094,
                            "location": {
                                "column": 19,
                                "file": "/home/person05/Dokumente/study/tasks/task_2/includes/converter.cpp",
                                "line": 18
                            },
                            "opcode": "invoke"
                        }
                    ],
                    "name": "if.then",
                    "type": 1
                },
                {
                    "energy": 0.029415086364746094,
                    "instructions": [
                        {
                            "calledFunction": "_ZStlsISt11char_traitsIcEERSt13basic_ostreamIcT_ES5_PKc",
                            "energy": 0.029415086364746094,
                            "location": {
                                "column": 27,
                                "file": "/home/person05/Dokumente/study/tasks/task_2/includes/converter.cpp",
                                "line": 18
                            },
                            "opcode": "invoke"
                        }
                    ],
                    "name": "invoke.cont",
                    "type": 1
                },
                {
                    "energy": 0.029415086364746094,
                    "instructions": [
                        {
                            "calledFunction": "_ZStlsISt11char_traitsIcEERSt13basic_ostreamIcT_ES5_PKc",
                            "energy": 0.029415086364746094,
                            "location": {
                                "column": 34,
                                "file": "/home/person05/Dokumente/study/tasks/task_2/includes/converter.cpp",
                                "line": 18
                            },
                            "opcode": "invoke"
                        }
                    ],
                    "name": "invoke.cont1",
                    "type": 1
                },
                {
                    "energy": 0.029415086364746094,
                    "instructions": [
                        {
                            "calledFunction": "_ZNSolsEPFRSoS_E",
                            "energy": 0.029415086364746094,
                            "location": {
                                "column": 43,
                                "file": "/home/person05/Dokumente/study/tasks/task_2/includes/converter.cpp",
                                "line": 18
                            },
                            "opcode": "invoke"
                        }
                    ],
                    "name": "invoke.cont3",
                    "type": 1
                },
                {
                    "energy": 0.029793141174316407,
                    "instructions": [
                        {
                            "energy": 0.029793141174316407,
                            "location": {
                                "column": 5,
                                "file": "/home/person05/Dokumente/study/tasks/task_2/includes/converter.cpp",
                                "line": 19
                            },
                            "opcode": "br"
                        }
                    ],
                    "name": "invoke.cont5",
                    "type": 1
                },
                {
                    "energy": 0.0,
                    "instructions": [
                        {
                            "energy": 0.0,
                            "location": {
                                "column": 1,
                                "file": "/home/person05/Dokumente/study/tasks/task_2/includes/converter.cpp",
                                "line": 31
                            },
                            "opcode": "landingpad"
                        },
                        {
                            "energy": 0.0,
                            "location": {
                                "column": 1,
                                "file": "/home/person05/Dokumente/study/tasks/task_2/includes/converter.cpp",
                                "line": 31
                            },
                            "opcode": "extractvalue"
                        },
                        {
                            "energy": 0.0,
                            "location": {
                                "column": 1,
                                "file": "/home/person05/Dokumente/study/tasks/task_2/includes/converter.cpp",
                                "line": 31
                            },
                            "opcode": "extractvalue"
                        },
                        {
                            "calledFunction": "_ZNSt7__cxx1112basic_stringIcSt11char_traitsIcESaIcEED1Ev",
                            "energy": 0.0,
                            "location": {
                                "column": 1,
                                "file": "/home/person05/Dokumente/study/tasks/task_2/includes/converter.cpp",
                                "line": 31
                            },
                            "opcode": "call"
                        },
                        {
                            "energy": 0.0,
                            "location": {
                                "column": 1,
                                "file": "/home/person05/Dokumente/study/tasks/task_2/includes/converter.cpp",
                                "line": 31
                            },
                            "opcode": "br"
                        }
                    ],
                    "name": "lpad",
                    "type": 1
                },
                {
                    "energy": 0.05995524444580078,
                    "instructions": [
                        {
                            "energy": 0.030162103271484376,
                            "location": {
                                "column": 19,
                                "file": "/home/person05/Dokumente/study/tasks/task_2/includes/converter.cpp",
                                "line": 19
                            },
                            "opcode": "icmp"
                        },
                        {
                            "energy": 0.029793141174316407,
                            "location": {
                                "column": 14,
                                "file": "/home/person05/Dokumente/study/tasks/task_2/includes/converter.cpp",
                                "line": 19
                            },
                            "opcode": "br"
                        }
                    ],
                    "name": "if.else",
                    "type": 1
                },
                {
                    "energy": 0.11990139617919923,
                    "instructions": [
                        {
                            "energy": 0.030162103271484376,
                            "location": {
                                "column": 23,
                                "file": "/home/person05/Dokumente/study/tasks/task_2/includes/converter.cpp",
                                "line": 20
                            },
                            "opcode": "fsub"
                        },
                        {
                            "energy": 0.030162103271484376,
                            "location": {
                                "column": 29,
                                "file": "/home/person05/Dokumente/study/tasks/task_2/includes/converter.cpp",
                                "line": 20
                            },
                            "opcode": "fmul"
                        },
                        {
                            "energy": 0.030162103271484376,
                            "location": {
                                "column": 32,
                                "file": "/home/person05/Dokumente/study/tasks/task_2/includes/converter.cpp",
                                "line": 20
                            },
                            "opcode": "fdiv"
                        },
                        {
                            "calledFunction": "_ZNSolsEd",
                            "energy": 0.029415086364746094,
                            "location": {
                                "column": 19,
                                "file": "/home/person05/Dokumente/study/tasks/task_2/includes/converter.cpp",
                                "line": 21
                            },
                            "opcode": "invoke"
                        }
                    ],
                    "name": "if.then8",
                    "type": 1
                },
                {
                    "energy": 0.029415086364746094,
                    "instructions": [
                        {
                            "calledFunction": "_ZStlsISt11char_traitsIcEERSt13basic_ostreamIcT_ES5_PKc",
                            "energy": 0.029415086364746094,
                            "location": {
                                "column": 27,
                                "file": "/home/person05/Dokumente/study/tasks/task_2/includes/converter.cpp",
                                "line": 21
                            },
                            "opcode": "invoke"
                        }
                    ],
                    "name": "invoke.cont11",
                    "type": 1
                },
                {
                    "energy": 0.029415086364746094,
                    "instructions": [
                        {
                            "calledFunction": "_ZStlsISt11char_traitsIcEERSt13basic_ostreamIcT_ES5_PKc",
                            "energy": 0.029415086364746094,
                            "location": {
                                "column": 34,
                                "file": "/home/person05/Dokumente/study/tasks/task_2/includes/converter.cpp",
                                "line": 21
                            },
                            "opcode": "invoke"
                        }
                    ],
                    "name": "invoke.cont13",
                    "type": 1
                },
                {
                    "energy": 0.029415086364746094,
                    "instructions": [
                        {
                            "calledFunction": "_ZNSolsEPFRSoS_E",
                            "energy": 0.029415086364746094,
                            "location": {
                                "column": 43,
                                "file": "/home/person05/Dokumente/study/tasks/task_2/includes/converter.cpp",
                                "line": 21
                            },
                            "opcode": "invoke"
                        }
                    ],
                    "name": "invoke.cont15",
                    "type": 1
                },
                {
                    "energy": 0.029793141174316407,
                    "instructions": [
                        {
                            "energy": 0.029793141174316407,
                            "location": {
                                "column": 5,
                                "file": "/home/person05/Dokumente/study/tasks/task_2/includes/converter.cpp",
                                "line": 22
                            },
                            "opcode": "br"
                        }
                    ],
                    "name": "invoke.cont17",
                    "type": 1
                },
                {
                    "energy": 0.05995524444580078,
                    "instructions": [
                        {
                            "energy": 0.030162103271484376,
                            "location": {
                                "column": 19,
                                "file": "/home/person05/Dokumente/study/tasks/task_2/includes/converter.cpp",
                                "line": 22
                            },
                            "opcode": "icmp"
                        },
                        {
                            "energy": 0.029793141174316407,
                            "location": {
                                "column": 14,
                                "file": "/home/person05/Dokumente/study/tasks/task_2/includes/converter.cpp",
                                "line": 22
                            },
                            "opcode": "br"
                        }
                    ],
                    "name": "if.else19",
                    "type": 1
                },
                {
                    "energy": 0.059577189636230474,
                    "instructions": [
                        {
                            "energy": 0.030162103271484376,
                            "location": {
                                "column": 22,
                                "file": "/home/person05/Dokumente/study/tasks/task_2/includes/converter.cpp",
                                "line": 23
                            },
                            "opcode": "fadd"
                        },
                        {
                            "calledFunction": "_ZNSolsEd",
                            "energy": 0.029415086364746094,
                            "location": {
                                "column": 19,
                                "file": "/home/person05/Dokumente/study/tasks/task_2/includes/converter.cpp",
                                "line": 24
                            },
                            "opcode": "invoke"
                        }
                    ],
                    "name": "if.then21",
                    "type": 1
                },
                {
                    "energy": 0.029415086364746094,
                    "instructions": [
                        {
                            "calledFunction": "_ZStlsISt11char_traitsIcEERSt13basic_ostreamIcT_ES5_PKc",
                            "energy": 0.029415086364746094,
                            "location": {
                                "column": 27,
                                "file": "/home/person05/Dokumente/study/tasks/task_2/includes/converter.cpp",
                                "line": 24
                            },
                            "opcode": "invoke"
                        }
                    ],
                    "name": "invoke.cont23",
                    "type": 1
                },
                {
                    "energy": 0.029415086364746094,
                    "instructions": [
                        {
                            "calledFunction": "_ZStlsISt11char_traitsIcEERSt13basic_ostreamIcT_ES5_PKc",
                            "energy": 0.029415086364746094,
                            "location": {
                                "column": 34,
                                "file": "/home/person05/Dokumente/study/tasks/task_2/includes/converter.cpp",
                                "line": 24
                            },
                            "opcode": "invoke"
                        }
                    ],
                    "name": "invoke.cont25",
                    "type": 1
                },
                {
                    "energy": 0.029415086364746094,
                    "instructions": [
                        {
                            "calledFunction": "_ZNSolsEPFRSoS_E",
                            "energy": 0.029415086364746094,
                            "location": {
                                "column": 43,
                                "file": "/home/person05/Dokumente/study/tasks/task_2/includes/converter.cpp",
                                "line": 24
                            },
                            "opcode": "invoke"
                        }
                    ],
                    "name": "invoke.cont27",
                    "type": 1
                },
                {
                    "energy": 0.029793141174316407,
                    "instructions": [
                        {
                            "energy": 0.029793141174316407,
                            "location": {
                                "column": 5,
                                "file": "/home/person05/Dokumente/study/tasks/task_2/includes/converter.cpp",
                                "line": 26
                            },
                            "opcode": "br"
                        }
                    ],
                    "name": "invoke.cont29",
                    "type": 1
                },
                {
                    "energy": 0.05995524444580078,
                    "instructions": [
                        {
                            "energy": 0.030162103271484376,
                            "location": {
                                "column": 19,
                                "file": "/home/person05/Dokumente/study/tasks/task_2/includes/converter.cpp",
                                "line": 26
                            },
                            "opcode": "icmp"
                        },
                        {
                            "energy": 0.029793141174316407,
                            "location": {
                                "column": 14,
                                "file": "/home/person05/Dokumente/study/tasks/task_2/includes/converter.cpp",
                                "line": 26
                            },
                            "opcode": "br"
                        }
                    ],
                    "name": "if.else31",
                    "type": 1
                },
                {
                    "energy": 0.1500634994506836,
                    "instructions": [
                        {
                            "energy": 0.030162103271484376,
                            "location": {
                                "column": 23,
                                "file": "/home/person05/Dokumente/study/tasks/task_2/includes/converter.cpp",
                                "line": 27
                            },
                            "opcode": "fsub"
                        },
                        {
                            "energy": 0.030162103271484376,
                            "location": {
                                "column": 31,
                                "file": "/home/person05/Dokumente/study/tasks/task_2/includes/converter.cpp",
                                "line": 27
                            },
                            "opcode": "fmul"
                        },
                        {
                            "energy": 0.030162103271484376,
                            "location": {
                                "column": 34,
                                "file": "/home/person05/Dokumente/study/tasks/task_2/includes/converter.cpp",
                                "line": 27
                            },
                            "opcode": "fdiv"
                        },
                        {
                            "energy": 0.030162103271484376,
                            "location": {
                                "column": 37,
                                "file": "/home/person05/Dokumente/study/tasks/task_2/includes/converter.cpp",
                                "line": 27
                            },
                            "opcode": "fadd"
                        },
                        {
                            "calledFunction": "_ZNSolsEd",
                            "energy": 0.029415086364746094,
                            "location": {
                                "column": 19,
                                "file": "/home/person05/Dokumente/study/tasks/task_2/includes/converter.cpp",
                                "line": 28
                            },
                            "opcode": "invoke"
                        }
                    ],
                    "name": "if.then33",
                    "type": 1
                },
                {
                    "energy": 0.029415086364746094,
                    "instructions": [
                        {
                            "calledFunction": "_ZStlsISt11char_traitsIcEERSt13basic_ostreamIcT_ES5_PKc",
                            "energy": 0.029415086364746094,
                            "location": {
                                "column": 27,
                                "file": "/home/person05/Dokumente/study/tasks/task_2/includes/converter.cpp",
                                "line": 28
                            },
                            "opcode": "invoke"
                        }
                    ],
                    "name": "invoke.cont38",
                    "type": 1
                },
                {
                    "energy": 0.029415086364746094,
                    "instructions": [
                        {
                            "calledFunction": "_ZStlsISt11char_traitsIcEERSt13basic_ostreamIcT_ES5_PKc",
                            "energy": 0.029415086364746094,
                            "location": {
                                "column": 34,
                                "file": "/home/person05/Dokumente/study/tasks/task_2/includes/converter.cpp",
                                "line": 28
                            },
                            "opcode": "invoke"
                        }
                    ],
                    "name": "invoke.cont40",
                    "type": 1
                },
                {
                    "energy": 0.029415086364746094,
                    "instructions": [
                        {
                            "calledFunction": "_ZNSolsEPFRSoS_E",
                            "energy": 0.029415086364746094,
                            "location": {
                                "column": 43,
                                "file": "/home/person05/Dokumente/study/tasks/task_2/includes/converter.cpp",
                                "line": 28
                            },
                            "opcode": "invoke"
                        }
                    ],
                    "name": "invoke.cont42",
                    "type": 1
                },
                {
                    "energy": 0.029793141174316407,
                    "instructions": [
                        {
                            "energy": 0.029793141174316407,
                            "location": {
                                "column": 5,
                                "file": "/home/person05/Dokumente/study/tasks/task_2/includes/converter.cpp",
                                "line": 30
                            },
                            "opcode": "br"
                        }
                    ],
                    "name": "invoke.cont44",
                    "type": 1
                },
                {
                    "energy": 0.029793141174316407,
                    "instructions": [
                        {
                            "energy": 0.029793141174316407,
                            "location": {
                                "column": 4294967295,
                                "file": "undefined",
                                "line": 4294967295
                            },
                            "opcode": "br"
                        }
                    ],
                    "name": "if.end",
                    "type": 1
                },
                {
                    "energy": 0.029793141174316407,
                    "instructions": [
                        {
                            "energy": 0.029793141174316407,
                            "location": {
                                "column": 4294967295,
                                "file": "undefined",
                                "line": 4294967295
                            },
                            "opcode": "br"
                        }
                    ],
                    "name": "if.end46",
                    "type": 1
                },
                {
                    "energy": 0.029793141174316407,
                    "instructions": [
                        {
                            "energy": 0.029793141174316407,
                            "location": {
                                "column": 4294967295,
                                "file": "undefined",
                                "line": 4294967295
                            },
                            "opcode": "br"
                        }
                    ],
                    "name": "if.end47",
                    "type": 1
                },
                {
                    "energy": 0.059208227539062505,
                    "instructions": [
                        {
                            "calledFunction": "_ZNSt7__cxx1112basic_stringIcSt11char_traitsIcESaIcEED1Ev",
                            "energy": 0.029415086364746094,
                            "location": {
                                "column": 1,
                                "file": "/home/person05/Dokumente/study/tasks/task_2/includes/converter.cpp",
                                "line": 31
                            },
                            "opcode": "call"
                        },
                        {
                            "energy": 0.029793141174316407,
                            "location": {
                                "column": 1,
                                "file": "/home/person05/Dokumente/study/tasks/task_2/includes/converter.cpp",
                                "line": 31
                            },
                            "opcode": "ret"
                        }
                    ],
                    "name": "if.end48",
                    "type": 1
                },
                {
                    "energy": 0.0,
                    "instructions": [
                        {
                            "energy": 0.0,
                            "location": {
                                "column": 1,
                                "file": "/home/person05/Dokumente/study/tasks/task_2/includes/converter.cpp",
                                "line": 31
                            },
                            "opcode": "insertvalue"
                        },
                        {
                            "energy": 0.0,
                            "location": {
                                "column": 1,
                                "file": "/home/person05/Dokumente/study/tasks/task_2/includes/converter.cpp",
                                "line": 31
                            },
                            "opcode": "insertvalue"
                        },
                        {
                            "energy": 0.0,
                            "location": {
                                "column": 1,
                                "file": "/home/person05/Dokumente/study/tasks/task_2/includes/converter.cpp",
                                "line": 31
                            },
                            "opcode": "resume"
                        }
                    ],
                    "name": "eh.resume",
                    "type": 1
                }
            ]
        },
        {
            "demangled": "main",
            "energy": 1.1571636825561524,
            "external": false,
            "file": "/home/person05/Dokumente/study/tasks/task_2/main.cpp",
            "name": "main",
            "nodes": [
                {
                    "energy": 1.1571636825561524,
                    "instructions": [
                        {
                            "calledFunction": "_ZStlsISt11char_traitsIcEERSt13basic_ostreamIcT_ES5_PKc",
                            "energy": 0.029415086364746094,
                            "location": {
                                "column": 15,
                                "file": "/home/person05/Dokumente/study/tasks/task_2/main.cpp",
                                "line": 5
                            },
                            "opcode": "call"
                        },
                        {
                            "calledFunction": "_ZNSolsEPFRSoS_E",
                            "energy": 0.029415086364746094,
                            "location": {
                                "column": 57,
                                "file": "/home/person05/Dokumente/study/tasks/task_2/main.cpp",
                                "line": 5
                            },
                            "opcode": "call"
                        },
                        {
                            "calledFunction": "_ZStlsISt11char_traitsIcEERSt13basic_ostreamIcT_ES5_PKc",
                            "energy": 0.029415086364746094,
                            "location": {
                                "column": 15,
                                "file": "/home/person05/Dokumente/study/tasks/task_2/main.cpp",
                                "line": 6
                            },
                            "opcode": "call"
                        },
                        {
                            "calledFunction": "_ZNSolsEPFRSoS_E",
                            "energy": 0.029415086364746094,
                            "location": {
                                "column": 33,
                                "file": "/home/person05/Dokumente/study/tasks/task_2/main.cpp",
                                "line": 6
                            },
                            "opcode": "call"
                        },
                        {
                            "calledFunction": "_ZStlsISt11char_traitsIcEERSt13basic_ostreamIcT_ES5_PKc",
                            "energy": 0.029415086364746094,
                            "location": {
                                "column": 15,
                                "file": "/home/person05/Dokumente/study/tasks/task_2/main.cpp",
                                "line": 7
                            },
                            "opcode": "call"
                        },
                        {
                            "calledFunction": "_ZNSolsEPFRSoS_E",
                            "energy": 0.029415086364746094,
                            "location": {
                                "column": 48,
                                "file": "/home/person05/Dokumente/study/tasks/task_2/main.cpp",
                                "line": 7
                            },
                            "opcode": "call"
                        },
                        {
                            "calledFunction": "_ZStlsISt11char_traitsIcEERSt13basic_ostreamIcT_ES5_PKc",
                            "energy": 0.029415086364746094,
                            "location": {
                                "column": 15,
                                "file": "/home/person05/Dokumente/study/tasks/task_2/main.cpp",
                                "line": 8
                            },
                            "opcode": "call"
                        },
                        {
                            "calledFunction": "_ZNSolsEPFRSoS_E",
                            "energy": 0.029415086364746094,
                            "location": {
                                "column": 48,
                                "file": "/home/person05/Dokumente/study/tasks/task_2/main.cpp",
                                "line": 8
                            },
                            "opcode": "call"
                        },
                        {
                            "calledFunction": "_ZStlsISt11char_traitsIcEERSt13basic_ostreamIcT_ES5_PKc",
                            "energy": 0.029415086364746094,
                            "location": {
                                "column": 15,
                                "file": "/home/person05/Dokumente/study/tasks/task_2/main.cpp",
                                "line": 9
                            },
                            "opcode": "call"
                        },
                        {
                            "calledFunction": "_ZNSolsEPFRSoS_E",
                            "energy": 0.029415086364746094,
                            "location": {
                                "column": 44,
                                "file": "/home/person05/Dokumente/study/tasks/task_2/main.cpp",
                                "line": 9
                            },
                            "opcode": "call"
                        },
                        {
                            "calledFunction": "_ZStlsISt11char_traitsIcEERSt13basic_ostreamIcT_ES5_PKc",
                            "energy": 0.029415086364746094,
                            "location": {
                                "column": 15,
                                "file": "/home/person05/Dokumente/study/tasks/task_2/main.cpp",
                                "line": 10
                            },
                            "opcode": "call"
                        },
                        {
                            "calledFunction": "_ZNSolsEPFRSoS_E",
                            "energy": 0.029415086364746094,
                            "location": {
                                "column": 48,
                                "file": "/home/person05/Dokumente/study/tasks/task_2/main.cpp",
                                "line": 10
                            },
                            "opcode": "call"
                        },
                        {
                            "calledFunction": "_ZStlsISt11char_traitsIcEERSt13basic_ostreamIcT_ES5_PKc",
                            "energy": 0.029415086364746094,
                            "location": {
                                "column": 15,
                                "file": "/home/person05/Dokumente/study/tasks/task_2/main.cpp",
                                "line": 14
                            },
                            "opcode": "call"
                        },
                        {
                            "calledFunction": "_Z7handlerid",
                            "energy": 0.7449744186401368,
                            "location": {
                                "column": 5,
                                "file": "/home/person05/Dokumente/study/tasks/task_2/main.cpp",
                                "line": 16
                            },
                            "opcode": "call"
                        },
                        {
                            "energy": 0.029793141174316407,
                            "location": {
                                "column": 5,
                                "file": "/home/person05/Dokumente/study/tasks/task_2/main.cpp",
                                "line": 18
                            },
                            "opcode": "ret"
                        }
                    ],
                    "name": "entry",
                    "type": 1
                }
            ]
        }
    ]
}
