{
    "duration": 0.000970708,
    "functions": [
        {
            "demangled": "operator<<",
            "energy": 0.0,
            "external": true,
            "file": "",
            "name": "_ZStlsISt11char_traitsIcEERSt13basic_ostreamIcT_ES5_PKc",
            "nodes": []
        },
        {
            "demangled": "operator<<",
            "energy": 0.0,
            "external": true,
            "file": "",
            "name": "_ZNSolsEPFRSoS_E",
            "nodes": []
        },
        {
            "demangled": "add",
            "energy": 0.05995524444580078,
            "external": false,
            "file": "/home/person07/Dokumente/study/tasks/task_3/includes/calculator.cpp",
            "name": "_Z3adddd",
            "nodes": [
                {
                    "energy": 0.05995524444580078,
                    "instructions": [
                        {
                            "energy": 0.030162103271484376,
                            "location": {
                                "column": 11,
                                "file": "/home/person07/Dokumente/study/tasks/task_3/includes/calculator.cpp",
                                "line": 37
                            },
                            "opcode": "fadd"
                        },
                        {
                            "energy": 0.029793141174316407,
                            "location": {
                                "column": 5,
                                "file": "/home/person07/Dokumente/study/tasks/task_3/includes/calculator.cpp",
                                "line": 38
                            },
                            "opcode": "ret"
                        }
                    ],
                    "name": "entry",
                    "type": 1
                }
            ]
        },
        {
            "demangled": "mult",
            "energy": 0.05995524444580078,
            "external": false,
            "file": "/home/person07/Dokumente/study/tasks/task_3/includes/calculator.cpp",
            "name": "_Z4multdd",
            "nodes": [
                {
                    "energy": 0.05995524444580078,
                    "instructions": [
                        {
                            "energy": 0.030162103271484376,
                            "location": {
                                "column": 14,
                                "file": "/home/person07/Dokumente/study/tasks/task_3/includes/calculator.cpp",
                                "line": 42
                            },
                            "opcode": "fmul"
                        },
                        {
                            "energy": 0.029793141174316407,
                            "location": {
                                "column": 5,
                                "file": "/home/person07/Dokumente/study/tasks/task_3/includes/calculator.cpp",
                                "line": 42
                            },
                            "opcode": "ret"
                        }
                    ],
                    "name": "entry",
                    "type": 1
                }
            ]
        },
        {
            "demangled": "divide",
            "energy": 0.05995524444580078,
            "external": false,
            "file": "/home/person07/Dokumente/study/tasks/task_3/includes/calculator.cpp",
            "name": "_Z6dividedd",
            "nodes": [
                {
                    "energy": 0.05995524444580078,
                    "instructions": [
                        {
                            "energy": 0.030162103271484376,
                            "location": {
                                "column": 14,
                                "file": "/home/person07/Dokumente/study/tasks/task_3/includes/calculator.cpp",
                                "line": 46
                            },
                            "opcode": "fdiv"
                        },
                        {
                            "energy": 0.029793141174316407,
                            "location": {
                                "column": 5,
                                "file": "/home/person07/Dokumente/study/tasks/task_3/includes/calculator.cpp",
                                "line": 46
                            },
                            "opcode": "ret"
                        }
                    ],
                    "name": "entry",
                    "type": 1
                }
            ]
        },
        {
            "demangled": "pow",
            "energy": 0.35954316101074224,
            "external": false,
            "file": "/home/person07/Dokumente/study/tasks/task_3/includes/calculator.cpp",
            "name": "pow",
            "nodes": [
                {
                    "energy": 0.05995524444580078,
                    "instructions": [
                        {
                            "energy": 0.030162103271484376,
                            "location": {
                                "column": 10,
                                "file": "/home/person07/Dokumente/study/tasks/task_3/includes/calculator.cpp",
                                "line": 72
                            },
                            "opcode": "fcmp"
                        },
                        {
                            "energy": 0.029793141174316407,
                            "location": {
                                "column": 8,
                                "file": "/home/person07/Dokumente/study/tasks/task_3/includes/calculator.cpp",
                                "line": 72
                            },
                            "opcode": "br"
                        }
                    ],
                    "name": "entry",
                    "type": 1
                },
                {
                    "energy": 0.029793141174316407,
                    "instructions": [
                        {
                            "energy": 0.029793141174316407,
                            "location": {
                                "column": 9,
                                "file": "/home/person07/Dokumente/study/tasks/task_3/includes/calculator.cpp",
                                "line": 73
                            },
                            "opcode": "br"
                        }
                    ],
                    "name": "if.then",
                    "type": 1
                },
                {
                    "energy": 0.17967742767333986,
                    "instructions": [
                        {
                            "energy": 0.030162103271484376,
                            "location": {
                                "column": 27,
                                "file": "/home/person07/Dokumente/study/tasks/task_3/includes/calculator.cpp",
                                "line": 74
                            },
                            "opcode": "fdiv"
                        },
                        {
                            "calledFunction": "pow",
                            "energy": 0.029415086364746094,
                            "location": {
                                "column": 18,
                                "file": "/home/person07/Dokumente/study/tasks/task_3/includes/calculator.cpp",
                                "line": 74
                            },
                            "opcode": "call"
                        },
                        {
                            "energy": 0.030162103271484376,
                            "location": {
                                "column": 13,
                                "file": "/home/person07/Dokumente/study/tasks/task_3/includes/calculator.cpp",
                                "line": 79
                            },
                            "opcode": "fptosi"
                        },
                        {
                            "energy": 0.029982890319824217,
                            "location": {
                                "column": 16,
                                "file": "/home/person07/Dokumente/study/tasks/task_3/includes/calculator.cpp",
                                "line": 79
                            },
                            "opcode": "srem"
                        },
                        {
                            "energy": 0.030162103271484376,
                            "location": {
                                "column": 9,
                                "file": "/home/person07/Dokumente/study/tasks/task_3/includes/calculator.cpp",
                                "line": 79
                            },
                            "opcode": "icmp"
                        },
                        {
                            "energy": 0.029793141174316407,
                            "location": {
                                "column": 9,
                                "file": "/home/person07/Dokumente/study/tasks/task_3/includes/calculator.cpp",
                                "line": 79
                            },
                            "opcode": "br"
                        }
                    ],
                    "name": "if.end",
                    "type": 1
                },
                {
                    "energy": 0.09011734771728516,
                    "instructions": [
                        {
                            "energy": 0.030162103271484376,
                            "location": {
                                "column": 20,
                                "file": "/home/person07/Dokumente/study/tasks/task_3/includes/calculator.cpp",
                                "line": 80
                            },
                            "opcode": "fmul"
                        },
                        {
                            "energy": 0.030162103271484376,
                            "location": {
                                "column": 26,
                                "file": "/home/person07/Dokumente/study/tasks/task_3/includes/calculator.cpp",
                                "line": 80
                            },
                            "opcode": "fmul"
                        },
                        {
                            "energy": 0.029793141174316407,
                            "location": {
                                "column": 9,
                                "file": "/home/person07/Dokumente/study/tasks/task_3/includes/calculator.cpp",
                                "line": 80
                            },
                            "opcode": "br"
                        }
                    ],
                    "name": "if.then1",
                    "type": 1
                },
                {
                    "energy": 0.05995524444580078,
                    "instructions": [
                        {
                            "energy": 0.030162103271484376,
                            "location": {
                                "column": 20,
                                "file": "/home/person07/Dokumente/study/tasks/task_3/includes/calculator.cpp",
                                "line": 83
                            },
                            "opcode": "fmul"
                        },
                        {
                            "energy": 0.029793141174316407,
                            "location": {
                                "column": 9,
                                "file": "/home/person07/Dokumente/study/tasks/task_3/includes/calculator.cpp",
                                "line": 83
                            },
                            "opcode": "br"
                        }
                    ],
                    "name": "if.else",
                    "type": 1
                },
                {
                    "energy": 0.029793141174316407,
                    "instructions": [
                        {
                            "energy": 0.0,
                            "location": {
                                "column": 0,
                                "file": "/home/person07/Dokumente/study/tasks/task_3/includes/calculator.cpp",
                                "line": 0
                            },
                            "opcode": "phi"
                        },
                        {
                            "energy": 0.029793141174316407,
                            "location": {
                                "column": 1,
                                "file": "/home/person07/Dokumente/study/tasks/task_3/includes/calculator.cpp",
                                "line": 84
                            },
                            "opcode": "ret"
                        }
                    ],
                    "name": "return",
                    "type": 1
                }
            ]
        },
        {
            "demangled": "calculate",
            "energy": 0.4783376708984376,
            "external": false,
            "file": "/home/person07/Dokumente/study/tasks/task_3/includes/calculator.cpp",
            "name": "_Z9calculateidd",
            "nodes": [
                {
                    "energy": 0.029793141174316407,
                    "instructions": [
                        {
                            "energy": 0.029793141174316407,
                            "location": {
                                "column": 5,
                                "file": "/home/person07/Dokumente/study/tasks/task_3/includes/calculator.cpp",
                                "line": 14
                            },
                            "opcode": "switch"
                        }
                    ],
                    "name": "entry",
                    "type": 1
                },
                {
                    "energy": 0.11916347198486328,
                    "instructions": [
                        {
                            "calledFunction": "_Z3adddd",
                            "energy": 0.08937033081054688,
                            "location": {
                                "column": 22,
                                "file": "/home/person07/Dokumente/study/tasks/task_3/includes/calculator.cpp",
                                "line": 16
                            },
                            "opcode": "call"
                        },
                        {
                            "energy": 0.029793141174316407,
                            "location": {
                                "column": 9,
                                "file": "/home/person07/Dokumente/study/tasks/task_3/includes/calculator.cpp",
                                "line": 17
                            },
                            "opcode": "br"
                        }
                    ],
                    "name": "sw.bb",
                    "type": 1
                },
                {
                    "energy": 0.11916347198486328,
                    "instructions": [
                        {
                            "calledFunction": "_Z4multdd",
                            "energy": 0.08937033081054688,
                            "location": {
                                "column": 22,
                                "file": "/home/person07/Dokumente/study/tasks/task_3/includes/calculator.cpp",
                                "line": 19
                            },
                            "opcode": "call"
                        },
                        {
                            "energy": 0.029793141174316407,
                            "location": {
                                "column": 9,
                                "file": "/home/person07/Dokumente/study/tasks/task_3/includes/calculator.cpp",
                                "line": 20
                            },
                            "opcode": "br"
                        }
                    ],
                    "name": "sw.bb1",
                    "type": 1
                },
                {
                    "energy": 0.11916347198486328,
                    "instructions": [
                        {
                            "calledFunction": "_Z6dividedd",
                            "energy": 0.08937033081054688,
                            "location": {
                                "column": 22,
                                "file": "/home/person07/Dokumente/study/tasks/task_3/includes/calculator.cpp",
                                "line": 22
                            },
                            "opcode": "call"
                        },
                        {
                            "energy": 0.029793141174316407,
                            "location": {
                                "column": 9,
                                "file": "/home/person07/Dokumente/study/tasks/task_3/includes/calculator.cpp",
                                "line": 23
                            },
                            "opcode": "br"
                        }
                    ],
                    "name": "sw.bb3",
                    "type": 1
                },
                {
                    "energy": 0.41875138854980476,
                    "instructions": [
                        {
                            "calledFunction": "pow",
                            "energy": 0.38895824737548834,
                            "location": {
                                "column": 22,
                                "file": "/home/person07/Dokumente/study/tasks/task_3/includes/calculator.cpp",
                                "line": 25
                            },
                            "opcode": "call"
                        },
                        {
                            "energy": 0.029793141174316407,
                            "location": {
                                "column": 9,
                                "file": "/home/person07/Dokumente/study/tasks/task_3/includes/calculator.cpp",
                                "line": 26
                            },
                            "opcode": "br"
                        }
                    ],
                    "name": "sw.bb5",
                    "type": 1
                },
                {
                    "energy": 0.029793141174316407,
                    "instructions": [
                        {
                            "energy": 0.029793141174316407,
                            "location": {
                                "column": 5,
                                "file": "/home/person07/Dokumente/study/tasks/task_3/includes/calculator.cpp",
                                "line": 29
                            },
                            "opcode": "br"
                        }
                    ],
                    "name": "sw.default",
                    "type": 1
                },
                {
                    "energy": 0.029793141174316407,
                    "instructions": [
                        {
                            "energy": 0.0,
                            "location": {
                                "column": 0,
                                "file": "/home/person07/Dokumente/study/tasks/task_3/includes/calculator.cpp",
                                "line": 0
                            },
                            "opcode": "phi"
                        },
                        {
                            "energy": 0.029793141174316407,
                            "location": {
                                "column": 5,
                                "file": "/home/person07/Dokumente/study/tasks/task_3/includes/calculator.cpp",
                                "line": 31
                            },
                            "opcode": "ret"
                        }
                    ],
                    "name": "sw.epilog",
                    "type": 1
                }
            ]
        },
        {
            "demangled": "operator<<",
            "energy": 0.0,
            "external": true,
            "file": "",
            "name": "_ZNSolsEd",
            "nodes": []
        },
        {
            "demangled": "main",
            "energy": 1.0964325393676757,
            "external": false,
            "file": "/home/person07/Dokumente/study/tasks/task_3/main.cpp",
            "name": "main",
            "nodes": [
                {
                    "energy": 1.0964325393676757,
                    "instructions": [
                        {
                            "calledFunction": "_ZStlsISt11char_traitsIcEERSt13basic_ostreamIcT_ES5_PKc",
                            "energy": 0.029415086364746094,
                            "location": {
                                "column": 15,
                                "file": "/home/person07/Dokumente/study/tasks/task_3/main.cpp",
                                "line": 7
                            },
                            "opcode": "call"
                        },
                        {
                            "calledFunction": "_ZNSolsEPFRSoS_E",
                            "energy": 0.029415086364746094,
                            "location": {
                                "column": 45,
                                "file": "/home/person07/Dokumente/study/tasks/task_3/main.cpp",
                                "line": 7
                            },
                            "opcode": "call"
                        },
                        {
                            "calledFunction": "_ZStlsISt11char_traitsIcEERSt13basic_ostreamIcT_ES5_PKc",
                            "energy": 0.029415086364746094,
                            "location": {
                                "column": 15,
                                "file": "/home/person07/Dokumente/study/tasks/task_3/main.cpp",
                                "line": 8
                            },
                            "opcode": "call"
                        },
                        {
                            "calledFunction": "_ZNSolsEPFRSoS_E",
                            "energy": 0.029415086364746094,
                            "location": {
                                "column": 32,
                                "file": "/home/person07/Dokumente/study/tasks/task_3/main.cpp",
                                "line": 8
                            },
                            "opcode": "call"
                        },
                        {
                            "calledFunction": "_ZStlsISt11char_traitsIcEERSt13basic_ostreamIcT_ES5_PKc",
                            "energy": 0.029415086364746094,
                            "location": {
                                "column": 15,
                                "file": "/home/person07/Dokumente/study/tasks/task_3/main.cpp",
                                "line": 9
                            },
                            "opcode": "call"
                        },
                        {
                            "calledFunction": "_ZNSolsEPFRSoS_E",
                            "energy": 0.029415086364746094,
                            "location": {
                                "column": 27,
                                "file": "/home/person07/Dokumente/study/tasks/task_3/main.cpp",
                                "line": 9
                            },
                            "opcode": "call"
                        },
                        {
                            "calledFunction": "_ZStlsISt11char_traitsIcEERSt13basic_ostreamIcT_ES5_PKc",
                            "energy": 0.029415086364746094,
                            "location": {
                                "column": 15,
                                "file": "/home/person07/Dokumente/study/tasks/task_3/main.cpp",
                                "line": 10
                            },
                            "opcode": "call"
                        },
                        {
                            "calledFunction": "_ZNSolsEPFRSoS_E",
                            "energy": 0.029415086364746094,
                            "location": {
                                "column": 32,
                                "file": "/home/person07/Dokumente/study/tasks/task_3/main.cpp",
                                "line": 10
                            },
                            "opcode": "call"
                        },
                        {
                            "calledFunction": "_ZStlsISt11char_traitsIcEERSt13basic_ostreamIcT_ES5_PKc",
                            "energy": 0.029415086364746094,
                            "location": {
                                "column": 15,
                                "file": "/home/person07/Dokumente/study/tasks/task_3/main.cpp",
                                "line": 11
                            },
                            "opcode": "call"
                        },
                        {
                            "calledFunction": "_ZNSolsEPFRSoS_E",
                            "energy": 0.029415086364746094,
                            "location": {
                                "column": 30,
                                "file": "/home/person07/Dokumente/study/tasks/task_3/main.cpp",
                                "line": 11
                            },
                            "opcode": "call"
                        },
                        {
                            "calledFunction": "_ZStlsISt11char_traitsIcEERSt13basic_ostreamIcT_ES5_PKc",
                            "energy": 0.029415086364746094,
                            "location": {
                                "column": 15,
                                "file": "/home/person07/Dokumente/study/tasks/task_3/main.cpp",
                                "line": 12
                            },
                            "opcode": "call"
                        },
                        {
                            "calledFunction": "_ZNSolsEPFRSoS_E",
                            "energy": 0.029415086364746094,
                            "location": {
                                "column": 45,
                                "file": "/home/person07/Dokumente/study/tasks/task_3/main.cpp",
                                "line": 12
                            },
                            "opcode": "call"
                        },
                        {
                            "calledFunction": "_ZStlsISt11char_traitsIcEERSt13basic_ostreamIcT_ES5_PKc",
                            "energy": 0.029415086364746094,
                            "location": {
                                "column": 15,
                                "file": "/home/person07/Dokumente/study/tasks/task_3/main.cpp",
                                "line": 13
                            },
                            "opcode": "call"
                        },
                        {
                            "calledFunction": "_ZNSolsEPFRSoS_E",
                            "energy": 0.029415086364746094,
                            "location": {
                                "column": 15,
                                "file": "/home/person07/Dokumente/study/tasks/task_3/main.cpp",
                                "line": 14
                            },
                            "opcode": "call"
                        },
                        {
                            "calledFunction": "_ZStlsISt11char_traitsIcEERSt13basic_ostreamIcT_ES5_PKc",
                            "energy": 0.029415086364746094,
                            "location": {
                                "column": 15,
                                "file": "/home/person07/Dokumente/study/tasks/task_3/main.cpp",
                                "line": 19
                            },
                            "opcode": "call"
                        },
                        {
                            "calledFunction": "_ZStlsISt11char_traitsIcEERSt13basic_ostreamIcT_ES5_PKc",
                            "energy": 0.029415086364746094,
                            "location": {
                                "column": 15,
                                "file": "/home/person07/Dokumente/study/tasks/task_3/main.cpp",
                                "line": 20
                            },
                            "opcode": "call"
                        },
                        {
                            "calledFunction": "_Z9calculateidd",
                            "energy": 0.5077527572631837,
                            "location": {
                                "column": 21,
                                "file": "/home/person07/Dokumente/study/tasks/task_3/main.cpp",
                                "line": 22
                            },
                            "opcode": "call"
                        },
                        {
                            "calledFunction": "_ZStlsISt11char_traitsIcEERSt13basic_ostreamIcT_ES5_PKc",
                            "energy": 0.029415086364746094,
                            "location": {
                                "column": 15,
                                "file": "/home/person07/Dokumente/study/tasks/task_3/main.cpp",
                                "line": 23
                            },
                            "opcode": "call"
                        },
                        {
                            "calledFunction": "_ZNSolsEd",
                            "energy": 0.029415086364746094,
                            "location": {
                                "column": 29,
                                "file": "/home/person07/Dokumente/study/tasks/task_3/main.cpp",
                                "line": 23
                            },
                            "opcode": "call"
                        },
                        {
                            "calledFunction": "_ZNSolsEPFRSoS_E",
                            "energy": 0.029415086364746094,
                            "location": {
                                "column": 39,
                                "file": "/home/person07/Dokumente/study/tasks/task_3/main.cpp",
                                "line": 23
                            },
                            "opcode": "call"
                        },
                        {
                            "energy": 0.029793141174316407,
                            "location": {
                                "column": 1,
                                "file": "/home/person07/Dokumente/study/tasks/task_3/main.cpp",
                                "line": 24
                            },
                            "opcode": "ret"
                        }
                    ],
                    "name": "entry",
                    "type": 1
                }
            ]
        }
    ]
}
